titulo,autor,ano,status,busca
Titulo,Autor,Ano,0,
А снег идёт,,,1,titulo
Бомбардировщики,,,1,titulo
Вальс расставания,Я.Френкель / К.Ваншенкин,1965,1,completa
Весна идёт,,,1,titulo
Все стало вокруг голубым и зелёным,,,1,titulo
В парке Чаир,,,1,titulo
"Где же вы теперь, друзья однополчане",А. Фатьянов / В. Соловьёв-Седой,1947,1,completa
Главное ребята сердцем не стареть,А. Пахмутова / С. Гребенников / Н. Добронравов,1962,1,completa
"Гори, гори, моя звезда",,,1,titulo
Да разве сердце позабудет,,,1,titulo
Джон Грей,,,1,titulo
Дорогие мои москвичи,,,1,titulo
Журавли,Я.Френкель / Р.Гамзатов / Н.Гребнев,1965,1,completa
Закон Архимеда наоборот,,,1,titulo
Зима,,,0,
Колыбельная,,,0,
Ландыши,,,1,titulo
Луна,,,1,titulo
Любимый город,Н. Богословский / Е. Долматовский,,1,completa
Люблю / Вдыхая розы аромат,,,0,
Мишка с куклой,,,1,titulo
Нам нужна одна победа,Б. Окуджава,,1,completa
Песенка о медведях,,,1,titulo
Песня о Москве (Лучший город земли),,,1,titulo
Пой мне,,,1,titulo
Портрет,,,1,titulo
Радостный день,,,1,titulo
Романс,,,1,titulo
Сердце / Как много девушек хороших,,,0,
Старый рояль,,,1,titulo
Уходит вечер,,,1,titulo
Цветущий Май,,,1,titulo
Шаланды,,,1,titulo
Эти глаза напротив,,,1,titulo
Я шагаю по Москве,,,1,titulo
12th Street Rag,Euday L. Bowman,1914,1,completa
26 – 2,John Coltrane,1960,1,completa
42nd Street,Harry Warren / Al Dublin,1933,1,completa
500 Miles High,Chick Corea / Neville Potter,1972,1,completa
502 Blues,Jimmy Rowles,1958,1,completa
52nd Street Theme,Th. Monk,1944,1,completa
9:20 Special,Earle Warren / Jack Palmer / William Engvick,1941,0,
"Beautiful Friendship, A",Donald Kahn / Stanley Styne,,1,completa
A Bientot,Billy Taylor,1988,1,completa
A Chicken Ain’t Nothing But A Bird,,,1,titulo
A Felicidade,,,1,titulo
A Fine Romance,,,1,titulo
A Foggy Day,,,1,titulo
A Lot of Livin’ to Do,Charles Strouse / Lee Adams,,1,completa
A Night in Tunisia,,,1,titulo
A Smooth One,,,1,titulo
A Song for Nicholas,,,0,
A Sound For Sore Ears,,,1,titulo
A Sunbonnet Blue,,,1,titulo
A Time For Love,Johnny Mande / Paul Francis Webster,1966,1,completa
"A-Tisket, A-Tasket",,,1,titulo
About A Quarter To Nine,Harry Warren / Al Dubin,1935,1,completa
Ac-Cent-Tchu-Ate The Positive,Harold Arlen / Johnny Mercer,1944,1,completa
Ac-Dc Current,Benny Goodman / Lionel Hampton / Charlie Christian,1937,1,completa
Ace in the Hole,Cole Porter,1941,1,completa
Across The Alley From The Alamo,Joe Greene,1946,1,completa
Adagio,,,1,titulo
Adam`s Apple,Wayne Shorter,1966,1,completa
Africa,John Coltrane,1961,1,completa
African Queen,Horace Silver,1966,1,completa
Afro Blue,Mongo Santamaria,1959,1,completa
Afro Centric,Joe Henderson,,1,completa
After You`ve Gone,"Turner Layton, Henry Creamer",1918,1,completa
Afternoon In Paris,John Lewis,1949,1,completa
Água de Beber,,,1,titulo
Ah-Leu-Cha (duo),,,1,titulo
Ah-Leu-Cha,,,1,titulo
Ain`t Misbehavin,,,1,titulo
Ain’t Nobody’s Bizness If I Do,Porter Grainger / Everett Robbins,1922,1,completa
Ain`t She Sweet,,,1,titulo
Airegin,,,1,titulo
Airmail Special,,,1,titulo
Aisha,,,1,titulo
Alcoholic Blues,Albert Von Tilzer / Edward Laska,1919,1,completa
Alexander`s Ragtime Band,,,1,titulo
Alfie,,,1,titulo
Alfie`s Theme,,,1,titulo
Alice In Wonderland,,,0,
All About Ronnie,,,1,titulo
All Blues,,,1,titulo
All God’s Chillun Got Rhythm,,,1,titulo
All My Tomorrows,,,1,titulo
All Of Me,,,1,titulo
All Of You,,,1,titulo
All Or Nothing At All,,,1,titulo
All The Things You Are,Jerome Kern / Oscar Hammerstein II,1939,1,completa
All Too Soon,,,1,titulo
Almost like being in love,,,1,titulo
Alone Together,,,1,titulo
Along Came Betty,,,1,titulo
Always And Forever,,,1,titulo
Always On My Mind,,,1,titulo
Am I Blue,,,1,titulo
Amapola,,,1,titulo
Amazing Grace,,,1,titulo
Among My Souvenirs,,,1,titulo
An Old Water Mill,Jack Scholl / Charles Tobias / Murray Mencher,1934,1,completa
Ana Maria,,,1,titulo
And On The Third Day,,,1,titulo
Angel Eyes,,,1,titulo
Angelica (Purple Gazelle),,,1,titulo
"Answer Me, My Love",Gerhard Winkler / Carl Sigman,1952,1,completa
Anthropology,,,0,
Any Time,,,1,titulo
Anything Goes,Cole Porter,1934,1,completa
Apple Core,,,1,titulo
April In Paris,Vernon Duke / E.Y. Harburg,1932,1,completa
Aquarela do Brasil,,,1,titulo
Are You Real,Benny Golson,1959,1,completa
Armando’s Rhumba,,,1,titulo
As Long as I Live,,,1,titulo
As Time Goes By,Herman Hupfeld,1931,1,completa
At the Georgia Camp Meeting,,,1,titulo
At The Jazz Band Ball,,,1,titulo
Au Privave,Charlie Parker,1951,1,completa
Autumn in NY,,,1,titulo
Autumn Leaves,Joseph Kosma / Johnny Mercer,1945,1,completa
Avalon,,,1,titulo
Baby What You Want Me To Do,,,1,titulo
"Baby, won`t you please come home",,,1,titulo
Badinerie,,,1,titulo
Barbados,,,1,titulo
Basin Street Blues,,,1,titulo
Beale Street Blues,,,1,titulo
Beautiful Love,,,1,titulo
Bebop,,,0,
Bei Mir Bist Du Shoen,,,1,titulo
Bernie’s Tune,Bernie Miller / Jerry Leiber / Mike Stoller,1952,1,completa
Bésame Mucho,Consuelo Velázquez,1940,1,completa
Between The Devil And The Deep Blue Sea,,,1,titulo
Bewitched,,,1,titulo
Beyond the Sea,Charles Trenet / Jack Lawrence / Albert Lasry,1946,1,completa
Bidin’ My Time,George Gershwin / Ira Gershwin,1930,1,completa
Bill Bailey,,,1,titulo
Billie`s bounce,,,1,titulo
Bird Alone,,,1,titulo
"Birth of the Blues, The",,,1,titulo
Bittersweet,,,1,titulo
Black and Blue,,,1,titulo
Black Orpheus,,,1,titulo
Blame It on My Youth,,,1,titulo
Bloomdido,,,1,titulo
Blue Bossa,,,1,titulo
Blue Drug,,,1,titulo
Blue Monk,,,1,titulo
Blue Moon,,,1,titulo
Blue Room,,,1,titulo
Blue Skies,,,1,titulo
Blueberry Hill,,,1,titulo
Blues For Dixie,,,1,titulo
Blues March,Benny Golson,1958,1,completa
Blues My Naughty Sweetie Gives To Me,,,1,titulo
Bluesette,,,1,titulo
Bluff,,,1,titulo
Body and Soul,,,1,titulo
Bohemia After Dark,,,0,
Bop-Be,,,1,titulo
Bourbone Street Parade,,,1,titulo
Brain Cloudy Blues,,,1,titulo
Brazil (Aquarela do Brasil),Ary Barroso / Bob Russell,1939,1,completa
"Brigas, Nunca Mais",,,1,titulo
Buddy Bolden Blues,,,1,titulo
But Beautiful,Johnny Burke / Jimmy Van Heusen,1947,1,completa
But Not For Me,George Gershwin / Ira Gershwin,1930,1,completa
By a Waterfall,,,1,titulo
Bye Bye Blackbird,,,1,titulo
Bye Bye Blues,,,1,titulo
C Jam Blues,,,1,titulo
Cabaret,,,1,titulo
Call Me Irresponsible,,,1,titulo
Can Can,J.Offenbach,,1,completa
Candy,,,1,titulo
Caravan,Juan Tizol / Duke Ellington / Irving Mills,1936,1,completa
Careless Love,,,1,titulo
Centerpiece,,,1,titulo
Ceora,,,1,titulo
C`est Si Bon,,,1,titulo
Chameleon,Herbie Hancock / Paul Jackson / Harvey Mason / Bennie Maupin,1973,1,completa
Chattanooga Choo-Choo,,,1,titulo
Cheek To Cheek,,,1,titulo
Chelsea Bridge,Billy Strayhorn,1941,1,completa
Cherokee,,,1,titulo
Cherry,,,1,titulo
Cheryl,,,1,titulo
Chi Chi,,,1,titulo
Chicago,,,1,titulo
Child Is Born,Thad Jones,1969,1,completa
China Boy,,,1,titulo
"Chinatown, My Chinatown",,,1,titulo
Choo Choo Ch’Boogie,,,1,titulo
Chovendo Na Roseira,,,1,titulo
Christopher Columbus,,,1,titulo
Clarinet Marmalade,,,1,titulo
Close Enough for Love,,,1,titulo
Close To You (They Long To Be),Burt Bacharach / Hal David,1970,1,completa
Close Your Eyes,,,1,titulo
Come Fly with Me,,,1,titulo
Come Rain or Come Shine,Johnny Mercer / Harold Arlen,1946,1,completa
Come Sunday,Duke Ellington,1943,1,completa
Comin` In On a Wing and a Prayer,,,1,titulo
Con Alma,,,1,titulo
Confirmation,,,1,titulo
Cool Blues,,,0,
Corcovado,,,1,titulo
"Corinne, Corinna",,,1,titulo
Countdown,,,1,titulo
Cow-Cow Boogie,,,1,titulo
Crazeology,,,1,titulo
Cry Me a River,,,1,titulo
Daahoud,,,1,titulo
Dardanella,,,1,titulo
Darkness On The Delta,,,1,titulo
Darktown Strutters Ball,,,1,titulo
Darn That Dream,,,1,titulo
Dat Mistige Rooie Beest,,,1,titulo
De Lachende Dwerg,,,1,titulo
Deed I Do,,,1,titulo
Deep Purple,,,1,titulo
Del Sasser,,,1,titulo
Der Pariser Tango,,,1,titulo
Desafinado,,,1,titulo
Detour Ahead,,,1,titulo
Dig-a-dig-a-doo,,,1,titulo
Dinah,,,1,titulo
Dindi,Antônio Carlos Jobim / Aloysio de Oliveira,1959,1,completa
Do Nothing till You Hear from Me,,,1,titulo
Do You Know What It Means To Miss New Orleans,,,1,titulo
Doctor Jazz,,,1,titulo
Dolphin Dance,,,1,titulo
Domino,Louis Ferrari / Jacques Plante / Don Raye,1950,1,completa
Donna Lee,,,1,titulo
Don`t Be That Way,,,1,titulo
Don’t Blame Me,,,1,titulo
Don’t Fence Me In,,,1,titulo
Don’t Get Around Much Anymore,Duke Ellington / Bob Russell,1940,1,completa
Don’t Know Why,,,1,titulo
Don’t Let The Sun Catch You Cryin’,,,1,titulo
"Don’t Worry, Be Happy",,,1,titulo
Down By The Riverside,,,1,titulo
Doxy,,,1,titulo
Dream a Little Dream of Me,,,1,titulo
Dream Dancing,Cole Porter,1941,1,completa
Drop Me Off in Harlem,,,1,titulo
E.S.P.,Wayne Shorter,1964,1,completa
Early Autumn,Ralph Burns / Woody Herman / Johnny Mercer,1949,1,completa
Ease Away Walk,Benny Golson,1983,1,completa
East of the Sun,,,1,titulo
Easy Living,Ralph Rainger / Leo Robin,1937,1,completa
Ebb Tide,,,1,titulo
Eine Kleine Nachtmusik,,,1,titulo
Elizete,,,1,titulo
Elmer’s Tune,,,1,titulo
Embraceable You,,,1,titulo
Emily,,,1,titulo
Emmanuelle,,,1,titulo
Epistrophy,Thelonious Monk / Kenny Clarke,1941,1,completa
Estate,,,1,titulo
Et si tu n’existais pas,,,1,titulo
Europa (Earth’s Cry Heaven’s Smile),,,1,titulo
Every Day I Have The Blues,,,1,titulo
Everybody Loves My Baby,,,1,titulo
Everybody’s Song But My Own,,,1,titulo
Everything But You,,,1,titulo
Everything Happens to Me,Matt Dennis / Tom Adair,1940,1,completa
Ev’ry Time We Say Goodbye,,,1,titulo
Ev’rything I Love,,,1,titulo
Exactly Like You,,,1,titulo
Faithful Hussar,,,1,titulo
Fascinating Rhythm,,,1,titulo
Fee-Fi-Fo-Fum,,,1,titulo
Feeling Good,,,1,titulo
Feelings,Morris Albert / Louis Gaste,1974,1,completa
Five Brothers,Gerry Mulligan,,1,completa
Фиксики,,,1,titulo
Flamingo,Ted Grouya / Edmund Anderson,1940,1,completa
Flat Foot Floogie (with a Floy Floy),,,1,titulo
Fly Me To The Moon,Bart Howard,1954,1,completa
My Foolish Heart,1949  Victor Young / by Ned Washington,,1,completa
Fools Rush In,,,1,titulo
Footprints,,,1,titulo
For All We Know,,,1,titulo
For Heaven’s Sake,,,1,titulo
Forest Flower,,,1,titulo
Four Brothers,,,1,titulo
Four,,,1,titulo
Freddie Freeloader,Miles Davis,1959,1,completa
Freight Trane,Tommy Flanagan,1958,1,completa
Frim-Fram Sauce,,,1,titulo
Гадалка,М. Дунаевский / Л. Дербенёв,,1,completa
"Gee Baby, Ain`t I Good To You",,,1,titulo
Georgia On My Mind (traditional),,,1,titulo
Georgia On My Mind,,,1,titulo
Get Out of Town,,,1,titulo
Getting Some Fun Out Of Life,,,1,titulo
Giant Steps,,,1,titulo
Give Me The Simple Life,,,1,titulo
Go Down Moses,,,1,titulo
God Bless the Child,Billie Holiday / Arthur Herzog Jr.,1939,1,completa
Golden Earrings,,,1,titulo
Gone with the Wind,,,0,
Good Bait,,,1,titulo
Good Morning Heartache,,,1,titulo
Goodbye,,,1,titulo
Goody Goody,,,1,titulo
Goofus,,,1,titulo
Gotta Get Some Sleep,,,1,titulo
Groove Juice Special,,,1,titulo
Groovin’ High,,,1,titulo
Hackensack,,,1,titulo
Half Nelson,,,1,titulo
Hallelujah,,,1,titulo
Harlem Nocturne,,,1,titulo
Have You Met Miss Jones?,,,0,
"Hello, Dolly",,,1,titulo
Here`s That Rainy Day,,,1,titulo
Hey Jude,,,1,titulo
Hindustan,,,1,titulo
Historia de un Amor,,,1,titulo
Hit That Jive Jack,,,1,titulo
Hit the Road Jack,,,1,titulo
Honeysuckle Rose,,,1,titulo
Hot House,,,1,titulo
How About You ?,,,0,
How Deep Is the Ocean?,,,0,
How Do You Say Auf Wiedersehen?,,,0,
How High The Moon,,,1,titulo
How Insensitive,,,1,titulo
How Little We Know,,,1,titulo
I Almost Lost My Mind,,,1,titulo
I Can’t Believe That You’re In Love With Me,,,1,titulo
I Can`t Get Started,,,1,titulo
I Can`t Give You Anything But Love,,,1,titulo
I Concentrate on You,,,1,titulo
I Could Write a Book,,,1,titulo
I Cover the Waterfront,Johnny Green / Edward Heyman,1933,1,completa
I Didn’t Know About You,,,1,titulo
I Didn’t Know What Time It Was,,,1,titulo
I Don’t Want to Set the World on Fire,,,1,titulo
I Fall in Love Too Easily,,,1,titulo
I Get a Kick Out of You,Cole Porter,1934,1,completa
I Get Along Without You Very Well,,,1,titulo
I Got it Bad and That Ain’t Good,,,1,titulo
I Got Rhythm,,,1,titulo
I Guess I’ll Hang My Tears Out to Dry,,,1,titulo
I Know That You Know,Vincent Youmans / Anne Caldwell,1926,1,completa
I Know Why (And So Do You),,,1,titulo
I left my heart in San Francisko,,,1,titulo
I Let a Song Go Out of My Heart,Duke Ellington / Irving Mills / Henry Nemo / John Redmond,1938,1,completa
I Love Paris,,,1,titulo
I Love You,Cole Porter,1944,1,completa
"I Loves You, Porgy",George Gershwin / Ira Gershwin / DuBose Heyward,1935,1,completa
I Mean You,Thelonius Monk / Coleman Hawkins,1946,1,completa
I Only Have Eyes for You,Harry Warren / Al Dubin,1934,1,completa
I Remember Clifford,Benny Golson,1957,1,completa
I Thought About You,Jimmy Van Heusen / Johnny Mercer,1939,1,completa
I Wanna Be Loved By You,,,1,titulo
I Want A Roof Over My Head,,,1,titulo
I Was Doing All Right,,,1,titulo
I Wish I Knew,,,1,titulo
I Wish You Love (Que reste-t-il de nos amours?),,,0,
I Wished on the Moon,,,1,titulo
I Won’t Dance,,,1,titulo
Ice Cream,,,1,titulo
If I Had You,,,1,titulo
If I Love Again,Ben Oakland / J. P. Murray,1933,1,completa
If I Should Lose You,,,1,titulo
If I Were a Bell,,,1,titulo
If You Nebver Come to Me ( Inútil Paisagem ),,,1,titulo
I’ll Be A Friend With Pleasure,,,1,titulo
I’ll Be Seeing You,,,1,titulo
I’ll Close My Eyes,,,1,titulo
I’ll Keep On Loving You,,,1,titulo
I’m a Fool to Want You,,,1,titulo
I’m Always Chasing Rainbows,Harry Carroll / Joseph McCarthy,1917,1,completa
I’m An Errand Boy For Rhythm,,,1,titulo
I’m An Old Cowhand,,,1,titulo
I’m Beginning To See The Light,,,1,titulo
I’m Confessin’,,,1,titulo
I’m Crazy ‘Bout My Baby,,,1,titulo
I’m Getting Sentimental Over You,George Bassman / Ned Washington,1932,1,completa
I`m Gonna Sit Right Down,,,1,titulo
I’m In The Mood For Love,Jimmy McHugh / Dorothy Fields,1935,1,completa
I’m Just A Lucky So And So,,,1,titulo
I’m Nobody’s Baby,,,1,titulo
I’m Putting All My Eggs In One Basket,,,1,titulo
Imagination,Jimmy Van Heusel / Johnny Burke,1939,0,
Impressions,,,1,titulo
In a Mellow Tone,,,1,titulo
In a Sentimental Mood,,,1,titulo
In a Shanty in Old Shanty Town,Ira Schuster / Jack Little / Joe Young,1932,1,completa
In the mood,,,1,titulo
Indiana,,,1,titulo
Infant Eyes,,,1,titulo
Interplay,,,1,titulo
Invitation,,,1,titulo
Is It True What They Say About Dixie,,,1,titulo
Is You Is or Is You Ain’t My Baby,,,1,titulo
Isn’t She Lovely,,,1,titulo
It Could Happen to You,,,1,titulo
It don`t mean a thing,,,1,titulo
It Had Better Be Tonight (Meglio stasera),,,1,titulo
It had to be you,,,1,titulo
It’s All Your Fault,,,1,titulo
It’s Impossible,Armando Manzanero / Perry Como,1968,1,completa
It’s Only A Paper Moon,,,1,titulo
It’s The Talk Of The Town,Jerry Livingston / Marty Symes / Al J. Neiburg,1933,1,completa
I`ve found a new baby,,,1,titulo
I’ve Got A Feeling I’m Falling,,,1,titulo
I’ve Got The World On A String,,,1,titulo
I`ve got you under my skin,,,1,titulo
I’ve Grown Accustomed To Her Face,Frederick Loewe / Alan Jay Lerner,1956,1,completa
Ja-da,,,1,titulo
Java Jive,,,0,
Jazz Me Blues,,,1,titulo
Je Veux (Zaz),Kerredine Soltani / Tryss,2010,1,completa
Jeepers Creepers,,,1,titulo
Jeeves & Wooster,,,1,titulo
Jersey Bounce,,,1,titulo
Jim,,,1,titulo
Jingle Bell Rock,,,1,titulo
Jingle Bells,,,1,titulo
Joy Spring,Clifford Brown / Jon Hendricks,1954,1,completa
Jumpin’ With Symphony Sid,,,1,titulo
Just a Closer Walk with Thee,Traditional,,1,completa
Just Friends,,,1,titulo
Just in Time,,,1,titulo
Just the Two of Us,,,1,titulo
Just The Way You Are,,,1,titulo
"Just You, Just Me",,,1,titulo
Key To The Highway,,,1,titulo
Killer Joe,,,1,titulo
Killing Me Softly with His Song,Charles Fox / Norman Gimbel /Lori Lieberman,1971,1,completa
Klactoveesedstene,,,1,titulo
Knock Me A Kiss,,,1,titulo
L-O-V-E,,,1,titulo
La Jouet,,,1,titulo
La Vie En Rose,,,1,titulo
Lady Be Good,,,1,titulo
Lady Bird (Miles Davis version),,,1,titulo
Lady Bird (original version),,,1,titulo
Lady Bird,,,1,titulo
Last Waltz,Les Reed / Barry Mason,1967,1,completa
Laura,,,1,titulo
Lazy River,,,1,titulo
Let It Snow,Jule Styne / Sammy Cahn,1945,1,completa
Let’s Call The Whole Thing Off,,,1,titulo
Let’s Face The Music And Dance,,,1,titulo
Let’s Fall In Love,,,1,titulo
Libertango,Astor Piazzolla,1974,1,completa
Light Blue,,,1,titulo
Like Someone in Love,,,1,titulo
Li’l Darlin’,,,1,titulo
Limbo Jazz,,,1,titulo
Limehouse Blues,,,1,titulo
Line For Lyons,Gerry Mulligan,1964,1,completa
Linger Awhile,,,1,titulo
Little B’s Poem,Bobby Hutcherson,,1,completa
Lonely Woman,,,1,titulo
Lotus Blossom (Kenny Dorham),,,1,titulo
Lotus Blossom,,,1,titulo
Love For Sale,,,1,titulo
Love Is Here to Stay,,,1,titulo
Love Is Just Around the Corner,,,1,titulo
Love me or leave me,,,1,titulo
Love Theme from The Godfather,,,1,titulo
Love Walked In,,,1,titulo
"Lover, Come Back To Me",,,1,titulo
Lover Man,,,1,titulo
Lover,Richard Rodgers / Lorenz Hart,1932,1,completa
Lullaby of birdland,,,1,titulo
Lullaby of Broadway,Harry Warren / Al Dubin,1935,1,completa
Lulu’s Back In Town,,,1,titulo
Lush Life,Billy Strayhorn,1933–1936,1,completa
Mack the knife,Kurt Weill / Bertolt Brecht,1928,1,completa
Makin` Whoopee,Gus Khan / Walter Donaldson,1928,1,completa
Mame,Jerry Herman,1955,1,completa
Manhã de Carnaval,,,1,titulo
Margie,Con Conrad / J. Russel Robinson / Benny Davis,1920,1,completa
Meditation,Antônio Carlos Jobim / Newton Mendonça,1962,1,completa
Mein Herr from Cabaret,Fred Ebb / John Kander,1972,1,completa
Memories of you,Eubie Blake / Andy Razaf,1930,1,completa
"Mercy, Mercy, Mercy",,,1,titulo
Ми-ми-мишки,,,1,titulo
Midnight Sun,Lionel Hampton / Sonny Burke / Johnny Mercer,1947,1,completa
Minor Mood,Yusef Lateef,1957,1,completa
Minor Swing,Django Reinhardt / Stéphane Grappelli,1937,1,completa
Minority,Gigi Gryce,1953,1,completa
Miss Otis Regrets,Cole Porter,1934,1,completa
Mississippi Delta Blues,Jimmie Rodgers / Jack Neville,1933,1,completa
Mister Sandman,Pat Ballard,1954,1,completa
Misty Roses,,,1,titulo
Misty,Erroll Garner / Johnny Burke,1954,1,completa
Molten Glass,,,1,titulo
Monk’s Dream,Thelonious Monk,1948,1,completa
Mood Indigo,1930- Duke Ellington / Barney Bigard / Irving Mills,,1,completa
Moon River,Henry Mancini / Johnny Mercer,1961,1,completa
Moonglow,Will Hudson / Irving Mills / Eddie DeLange,1933,1,completa
Moonlight in Vermont,John Blackburn / Karl Suessdorf,1944,1,completa
Moonlight Serenade,Glenn Miller / Mitchell Parish,1939,1,completa
More Than You Know,Vincent Youmans / Billy Rose / Edward Eliscu,1929,1,completa
Muskrat Ramble,,,1,titulo
Mustang,Gennadiy Bondarev,1967,0,
My Blue Heaven,Walter Donaldson / George A. Whiting,1927,1,completa
My Cherie Amor,Stevie Wonder,1969,1,completa
My favorite things,Richard Rodgers / Oscar Hammerstein II,1959,1,completa
My Funny Valentine,Richard Rodgers / Lorenz Hart,1937,1,completa
My Heart Stood Still,Richard Rodgers / Lorenz Hart,1927,1,completa
My Ideal,Richard A. Whiting / Newell Chase /Leo Robin,1930,1,completa
My Little Suede Shoes,,,1,titulo
My Man’s Gone Now,George Gershwin / DuBose Heyward,1935,1,completa
My Melancholy Baby,Ernie Burnett / George A. Norton,1912,1,completa
My One and Only Love,Guy Wood / Robert Mellin,1952,1,completa
My Romance,Lorenz Hart / Richard Rodgers,1935,1,completa
My Shining Hour,Harold Arlen / Johnny Mercer,1943,1,completa
My Ship,Kurt Weill / Ira Gershwin,1941,1,completa
My Way,Claude François / Gilles Thibaut / Jacques Revaux / Paul Anka,1969,1,completa
My Window Faces The South,A. Silver / M. Parish / J. Livingstone,1933,1,completa
Naima,John Coltrane,1959,1,completa
Namely You,Gene DePaul / Johnny Mercer,1956,1,completa
Nancy (with the Laughing Face),Jimmy Van Heusen / Phil Silvers,1942,1,completa
Nardis,Miles Davis,1958,1,completa
Nature Boy,Eden Ahbez,1948,1,completa
Nearness,Bob Gillis,,1,completa
Nefertiti,,,0,
"New York, New York",John Kander / Fred Ebb,1977,1,completa
Nica’s Dream,Horace Silver,1954,1,completa
Nice Work If You Can Get It,,,1,titulo
Night and day,Cole Porter,1932,1,completa
No Moon at All,,,1,titulo
No More Blues,Antonio Carlos Jobim / Jon Hendricks / Jessie Cavanaugh / Vinicius DeMoraes,1957,1,completa
No Regrets,,,1,titulo
Nobody Else but Me,,,1,titulo
Not Like This,,,1,titulo
Nothing’s Gonna Change My Love for You,Michael Masser / Gerry Goffin,1984,1,completa
Now’s the Time,Charlie Parker,1945,1,completa
Nuages,Django Reinhardt,1940,1,completa
O Grande Amor,Antonio Carlos Jobim / Vinicius DeMoraes,1963,1,completa
Oblivion,Ástor Piazzolla,1982,1,completa
Ode To A Flugelhorn,Clark Terry,1965,1,completa
Offshore,Booker Little,,1,completa
Old Devil Moon,,,1,titulo
Old Fashioned Love,James P. Johnson / Cecil Mack,1923,1,completa
Old Folks,,,1,titulo
Oleo,Sonny Rollins,1954,1,completa
On a Clear Day (You Can See Forever),,,1,titulo
On a Slow Boat to China,,,1,titulo
On Green Dolphin Street,,,1,titulo
On The Atchison Topeka And The Santa Fe,Harry Warren / Johnny Mercer,1945,1,completa
On the Street Where You Live,Frederick Loewe / Alan Jay Lerner,1956,1,completa
On The Sunny Side Of The Street,Jimmy McHugh / Dorothy Fields,1930,1,completa
Once I Loved (O Amor Em Paz),Antônio Carlos Jobim / Vinícius de Moraes / Ray Gilbert,1960,1,completa
Once in a While,Michael Edwards / Bud Green,1937,1,completa
One Note Samba,Antônio Carlos Jobim / Newton Mendonça / Jon Hendricks,1960,1,completa
Only Trust Your Heart,Benny Carter / Sammy Cahn,1964,1,completa
Only You,,,1,titulo
Opus One,Sy Oliver / Sid Garris,1943,1,completa
Out Of Nowhere,Johnny Green / Edward Heyman,1931,1,completa
Over The Rainbow,Harold Arlen / E.Y. Harburg,1939,1,completa
Padam Padam (Edith Piaf),Norbert Glanzberg / Henri Contet,1951,1,completa
Palm Springs Jump,Slim Gaillard,1942,1,completa
Parisian Thoroughfare,Earl “Bud” Powell,1951,1,completa
Park Avenue Petite,,,1,titulo
"Paroles, paroles",,,1,titulo
Passion Flower,,,1,titulo
Peace,,,0,
Pee Wee,,,1,titulo
Pennies from Heaven,,,1,titulo
Pensativa,,,1,titulo
Perdido,Juan Tizol / Ervin Drake / Hans Lengsfelder,1941,1,completa
Perfidia – (Вернись),Alberto Domínguez / Г. Регистан,,1,completa
"Perhaps, Perhaps, Perhaps",Osvaldo Farrés,1947,1,completa
Песенка про водевиль,М. Дунаевский / Л. Дербенёв,,1,completa
Petit Fleur,Sidney Bechet,1952,1,completa
Please Don’t Talk About Me When I’m Gone,,,1,titulo
Poinciana,Nat Simon / Buddy Bernier,1936,1,completa
Polka Dots and Moonbeams,,,1,titulo
Por una Cabeza,Carlos Gardel / Alfredo Le Pera,1935,1,completa
Portrait of Jennie,,,1,titulo
Potato Chips,Slim Gaillard,,1,completa
Prelude in E Minor,,,1,titulo
Prelude to a Kiss,Duke Ellington / Irving Gordon / Irving Mills,1938,1,completa
Prince Albert,Kenny Dorham,1955,1,completa
Prisoner Of Love,Russ Columbo / Clarence Gaskill / Leo Robin,1931,1,completa
Put on a Happy Face,,,1,titulo
Puttin on the Ritz,Irving Berlin,1927,1,completa
"Quando, Quando, Quando",Tony Renis / Alberto Testa,1962,1,completa
Quasimodo,,,1,titulo
Rag Mop,Johnnie Lee Wills / Deacon Anderson,1949,1,completa
Ray’s Idea,Raymond Brown / Walter Fuller,,1,completa
Recado Bossa Nova (The Gift),,,1,titulo
Red Roses for a Blue Lady,Sid Tepper / C. Bennett,1948,1,completa
Reflections,,,1,titulo
Right Or Wrong,Arthur Sizemore /Paul Biese / Haven Gillespie,1921,1,completa
Robbin’s Nest,Illinois Jacques / Sir Charles Thompson,1947,1,completa
Rose Room,Art Hickman / Harry Williams,1917,1,completa
Rosetta,Earl Hines / Henri Wood,1933,1,completa
Round Midnight,Thelonius Monk / Bernie Hanighen,1943,1,completa
Route 66,Bobby Troup,1946,1,completa
Royal garden blues,Clarence Williams / Spencer Williams,1919,1,completa
"Ruby, My Dear",Thelonious Monk,1945,1,completa
Russian Lullaby,Irving Berlin,1927,1,completa
Salute To Bandbox,Gigi Gryce / Clifford Brown,1958,1,completa
Samba De Orfeu,Luiz Bonfá,1959,1,completa
Samba do Avião,,,1,titulo
Santa Claus Is Comin’ to Town,,,1,titulo
Satin Doll,Duke Ellington / Billy Strayhorn /Johnny Mercer,1953,1,completa
Scotch and Soda,Dave Guard,1958,1,completa
Scrapple from the Apple,Charlie Parker,1947,1,completa
Second Line Parade,Traditional,,1,completa
Sent For You Yesterday,William ‘Count’ Basie / Eddie Durham / James Andrew Rushing,1938,1,completa
Sentimental Journey,Les Brown / Ben Homer,1944,1,completa
September Song,Kurt Weill / Maxwell Anderson,1938,0,
Shape of my heart,,,1,titulo
Shine,Ford Dabney / Cecil Mack / Tin Pan Alley / Lew Brown,1910,1,completa
Shoo Shoo Baby,Phil Moore,1943,1,completa
"Sing, Sing, Sing",Louis Prima,1936,1,completa
Sister Sadie,,,1,titulo
Skylark,Johnny Mercer / Hoagy Carmichael,1942,1,completa
Sleepy Time Down South,Clarence Muse / Leon René / Otis René,1931,1,completa
Smok Gets In Your Eyes,Otto Harbach / Jerome Kern,1933,1,completa
Smoke on the Water,Ritchie Blackmore / Ian Gillan / Roger Glover / Jon Lord / Ian Paice,1971,1,completa
Só Danço Samba,Antonio Carlos Jobim / Vinicius DeMoraes / Norman Gimbel,1962,1,completa
"Softly, as in a Morning Sunrise",Sigmund Romberg / Oscar Hammerstein II,1928,1,completa
Solid,Sonny Rollins,1956,1,completa
Some of These Days,Shelton Brooks,1910,1,completa
Somebody Stole My Gal,Leo Wood,1918,1,completa
Someday My Prince Will Come,Frank Churchill / Larry Morey,1937,1,completa
Someday (You’ll Be Sorry),Louis Armstrong,1955,1,completa
Someday (You’ll Want Me to Want You),Jimmy Hodges,1940,1,completa
Sometime Ago,Sergio Mihanovitch,1962,1,completa
Sophisticated Lady,Duke Ellington / Irving Mills / Mitchell Parish,1932,1,completa
Soul Bossa Nova,Quincy Jones,1962,1,completa
Soul Eyes,Mal Waldron,1957,1,completa
Spain,,,1,titulo
Speak Low,Kurt Weill / Ogden Nash,1943,1,completa
Splanky,Neal Paul Hefti,1950,1,completa
S’posin’,Andy Razaf / Paul Denniker,1929,1,completa
St. James Infirmary,Don Redman / Irving Mills,1928,1,completa
St Louis Blues,W. C. Handy,1914,1,completa
St.Thomas,Sonny Rollins,1956,1,completa
Stablemates,Benny Golson,1955,1,completa
Stardust,Hoagy Carmichael,1927,1,completa
Stars Fell on Alabama,Frank Perkins / Mitchell Parish,1934,1,completa
Stella by Starlight,Victor Young,1944,1,completa
Stompin At The Savoy,Edgar Sampson,1933,1,completa
Stormy Weather,,,0,
Straighten Up And Fly Right,Nat King Cole / Irving Mills,1943,1,completa
Stranger on the Shore,,,1,titulo
Strangers in the Night,Bert Kaempfert / Charles Singleton / Eddie Snyder,1966,1,completa
Struttin` With Some Barbeque,Lillian Hardin Armstrong / Don Raye,1928,1,completa
Summer Samba,Marcos Valle / Norman Gimbel / Paulo Sérgio Valle,1964,1,completa
Summertime,George Gershwin / DuBose Heyward / Ira Gershwin,1935,1,completa
Sunny,Bobby Hebb,1966,1,completa
Sway,Luis Demetrio / Norman Gimbel,1953,1,completa
Sweet Georgia Brown,Ben Bernie / Maceo Pinkard / Kenneth Casey,1925,1,completa
Sweet Lorraine,Cliff Burwell / Mitchell Parish,1928,1,completa
Sweet Sue – Just You,Victor Young / Will J. Harris,1928,1,completa
Swing 42,Django Reinhardt,,1,completa
Swing That Music,Louis Armsrong / Horace Gerlach,1936,1,completa
Take Five,Paul Desmond,1959,1,completa
Take The “A” Train,Billy Strayhorn / Joya Sherrill / Lee Gaines,1939,1,completa
Taking A Chance On Love,Vernon Duke / John La Touche / Ted Fetter,1940,1,completa
Tea for two,Vincent Youmans / Irving Caesar,1924,1,completa
Teach Me Tonight,Gene De Paul / Sammy Cahn,1953,1,completa
Teaneck,Nat Adderley,,1,completa
Tenderly,Walter Gross / Jack Lawrence,1946,1,completa
That Chick’s Too Young To Fry,Tommy Edwards / Jimmy Hilliard,1945,1,completa
That’s All,Alan Brandt / Bob Haymes,1952,1,completa
The Christmas Song,,,1,titulo
Days Of Wine And Roses,Henry Mancini / Johnny Mercer,1962,1,completa
The Duke,Dave Brubeck,1955,1,completa
The Girl From Ipanema,Antônio Carlos Jobim / Vinícius de Moraes / Norman Gimbel,1963,1,completa
The Good Life,Sacha Distel / Jack Reardon,1962,1,completa
The Gypsy,B. Reed,,1,completa
The Jody Grind,,,1,titulo
The Lady Is a Tramp,Richard Rodgers / Lorenz Hart,1937,1,completa
The Man I Love,George Gershwin / Ira Gershwin,1924,1,completa
The Man That Got Away,Harold Arlen / Ira Gershwin,1953,1,completa
The Nearness Of You,Carmichael / Ned Washington,1937,1,completa
The Party’s Over,Betty Comden / Adolph Green / Jule Styne,1956,1,completa
The Preacher,Horace Silver,1955,1,completa
The Shadow of Your Smile,Johnny Mandel / Paul Francis Webster,1965,1,completa
The Shake of Araby,Ted Snyder / Harry B. Smith / Francis Wheeler,1921,1,completa
The Touch of Your Lips,Ray Noble,1936,1,completa
The Very Thought of You,Ray Noble,1934,1,completa
The Way You Look Tonight,Jerome Kern / Dorothy Fields,1936,1,completa
The world is waiting for the sunrise,Raymond Roberts / Gene Lockhart,1919,1,completa
The World We Knew (Over and Over),,,1,titulo
Them There Eyes,Maceo Pinkard / Doris Tauber / William Tracey,1930,1,completa
Theme for Ernie,Fred Lacey,,1,completa
Then I’ll Be Happy,Cliff Friend / Lew Brown / Sidney Clare,1925,1,completa
There Is No Greater Love,,,1,titulo
There will never be another you,1942- Harry Warren / Mack Gordon,,1,completa
There’ll Be Some Changes Made,Benton Overstreet / Billy Higgins,1921,1,completa
These Foolish Things,Jack Strachey / Harry Link / Eric Maschwitz,1935,1,completa
They Call It Stormy Monday,Aaron Walker a.k.a. T-Bone Walker,1947,1,completa
They Can’t Take That Away From Me,George Gershwin / Ira Gershwin,1937,1,completa
Things Ain’t What They Used To Be,Mercer Ellington / Ted Persons,1942,1,completa
This Love of Mine,Sol Parker / Henry Sanicola / Frank Sinatra,1941,1,completa
This Masquerade,Leon Russell,1972,1,completa
Three O’Clock in the Morning,Dorothy Terriss / Julian Robledo,1919,1,completa
Till There Was You,Meredith Wilson,1950,1,completa
Tin Roof Blues,George Brunies / Paul Mares / Ben Pollack / Leon Roppolo / Mel Stitzel / Walter Melrose,1923,1,completa
Tombe la neige,Salvatore Adamo,1963,1,completa
Too Many Tears,Harry Warren / Dublin,1932,1,completa
"Toot, Toot, Tootsie (Goo’ Bye!)",Gus Kahn / Ernie Erdman / Danny Russo,1922,1,completa
Triste,Antônio Carlos Jobim,1966,1,completa
Tuxedo Junction,Erskine Hawkins / Bill Johnson / Julian Dash / Buddy Feyne,1939,1,completa
Twelfth Street Rag,Euday L. Bowman,1914,1,completa
Two for the Road,,,1,titulo
Улыбка,,,1,titulo
Un homme et une femme,,,1,titulo
Unchained Melody,,,1,titulo
Undecided,Sid Robin / Charlie Shavers,1938,1,completa
Une vie d’amour,Georges Garvarentz / Charles Aznavour,1981,1,completa
Unforgettable,Irving Gordon,1951,1,completa
Up a Lazy River,Hoagy Carmichael / Sidney Arodin,1930,1,completa
Up Jumped Spring,,,1,titulo
Va Bank,Henryk Kuzniak,1981,1,completa
Veja Bem Meu Bem,,,1,titulo
Virgo,,,1,titulo
Visa från Utanmyra,,,1,titulo
Volare,,,1,titulo
Voyage,,,1,titulo
Walkin’ My Baby Back Home,Fred E. Ahlert / Roy Turk,1930,1,completa
Washington & Lee Swing,Mark W. Sheafe / Thornton W. Allen / Clarence A. (Tod) Robbins,1910,1,completa
Watermelon Man,,,1,titulo
Wave,Antonio Carlos Jobim,1967,1,completa
Way down yonder in New Orleans,Joe Turner Layton / Henry Creamer,1922,1,completa
"Well, You Needn’t",Thelonious Monk,1944,1,completa
What a diff’rence a day made,María Grever / Stanley Adams,1934,1,completa
What a Wonderful World,Bob Thiele / George David Weiss,1967,1,completa
What Are You Doing the Rest of Your Life,Michel Legrand / Alan Bergman / Marilyn Bergman,1969,1,completa
What Is This Thing Called Love,Cole Porter,1929,1,completa
Whatever Lola wants,,,1,titulo
What`s New,Bob Hggart,,1,completa
When I Fall In Love,Victor Young / Edward Heyman,1952,1,completa
When I Grow Too Old To Dream,Sigmund Romberg / Oscar Hammerstein II,1934,1,completa
When Sunny Gets Blue,,,1,titulo
When the Saints,Spiritual,,1,completa
When Will the Blues Leave,Ornette Coleman,1958,1,completa
When you`re smiling,Larry Shay / Mark Fisher / Joe Goodwin,1928,1,completa
Whisper Not,Benny Golson / Leonard Feather,1956,1,completa
White Christmas,,,1,titulo
Who Can I Turn To?,Anthony Newley / Leslie Bricusse,1964,0,
Who walk in when I walk out,Al Goodhart / Al Hoffman / Ralph Freed,1933,1,completa
Who`s Sorry Now,Ted Snyder / Bert Kalmar / Harry Ruby,1923,1,completa
Why Don’t You Do Right,Kansas Joe McCoy / Herb Morand,1936,1,completa
Willie the weeper,Walter Melrose / Grant Rymal / Marty Bloom,1904,1,completa
Willow Weep for Me,Ann Ronell,1932,1,completa
Windows,Chick Corea,1966,1,completa
Whispering,Malvin Schonberger / John Schonberger,1920,1,completa
Witchcraft,,,1,titulo
Wolverine blues,Jelly Roll Morton / Benjamin Franklin “Reb” Spikes / John Curry Spikes,1923,1,completa
Yardbird Suite,Charlie Parker,1946,1,completa
"Yes, Sir!",Walter Donaldson / Gus Kahn,1925,1,completa
Yesterdays,Jerome Kern / Otto Harbach,1933,1,completa
You Always Hurt The One You Love,Allan Roberts / Doris Fisher,1944,1,completa
You Are The Sunshine of My Life,Stevie Wonder,1973,1,completa
You Call Everybody Darling,Sam Martin / Ben Trace / Clem Watts,1946,1,completa
You Can Depend On Me,Charles Carpenter / Louis Dunlap / Earl “Fatha” Hines,1931,1,completa
You Don’t Know What Love Is,,,1,titulo
You Made Me Love You,James V. Monaco / Joseph McCarthy,1913,1,completa
You Make Me Feel So Young,,,1,titulo
You Took Advantage Of Me,Richard Rodgers / Lorenz Hart,1928,1,completa
You’d Be So Nice to Come Home To,Cole Porter,1942,1,completa
You’ve Changed,Carl Fischer / Bill Carey,1942,1,completa
